<org.modelinglab.example.ocl2fol.MyVaadinUI_-Memento>
  <depm>
    <dmtText>entity Book {
            Integer pages
            Integer isbn
            Set(Author) authors oppositeTo books
}

entity Author isUser{
            Set(Book) books oppositeTo authors
}</dmtText>
  </depm>
  <ofpm>
    <oclExps>
      <string>// Book.allInstances()-&gt;exists(x|x.pages &gt; 300)
</string>
      <string>// Book.allInstances()-&gt;forAll(x|x.pages &lt; 300)
</string>
      <string>// Book.allInstances()-&gt;select(x|x.pages &gt; 300)-&gt;isEmpty()</string>
      <string>// Book.allInstances()-&gt;reject(x|x.pages &lt;= 300)-&gt;isEmpty()
</string>
      <string>// Book.allInstances()-&gt;collect(x|x.pages)-&gt;asSet()-&gt;forAll(i|i &lt; 300)
</string>
      <string>// Book.allInstances()-&gt;forAll(x|x.authors-&gt;isEmpty())
</string>
      <string>// Author.allInstances()-&gt;exists(a|a.books-&gt;notEmpty())</string>
      <string>// Book.allInstances()-&gt;forAll(x|Book.allInstances()-&gt;forAll(y| x&lt;&gt;y implies x.isbn&lt;&gt;y.isbn))
</string>
      <string>// Book.allInstances()-&gt;exists(x|Book.allInstances()-&gt;excluding(x)-&gt;forAll(y|y.isbn=x.isbn))
</string>
      <string>// Book.allInstances()-&gt;exists(x|Book.allInstances()-&gt;excludes(x))
</string>
      <string>// Book.allInstances()-&gt;forAll(x|Book.allInstances()-&gt;excluding(x)-&gt;includes(x))
</string>
      <string>// Book.allInstances()-&gt;exists(x|Book.allInstances()-&gt;excluding(x)-&gt;includes(x))
</string>
      <string>// Book.allInstances()-&gt;collect(x|x.authors)-&gt;asSet()-&gt;exists(y|y.books-&gt;isEmpty())
</string>
      <string>// Book.allInstances()-&gt;forAll(b|Book.allInstances()-&gt;exists(x|x.pages &gt; b.pages))</string>
      <string>// Book.allInstances()-&gt;notEmpty()
</string>
      <string>Book.allInstances()-&gt;isEmpty()</string>
    </oclExps>
  </ofpm>
</org.modelinglab.example.ocl2fol.MyVaadinUI_-Memento>
